radiocarbon_id,14C age,error
2352,1060,50
2824,1190,60
26,1190,75
23,1365,220
529,1430,130
2041,1450,50
513,1460,165
25,1465,65
522,1470,120
1528,1510,40
688,1515,30
514,1515,120
536,1520,100
2449,1520,55
1707,1530,70
2645,1533,34
2040,1538,39
2393,1540,60
2575,1542,31
1709,1550,60
676,1560,70
1018,1560,70
1708,1560,70
518,1565,105
532,1565,90
2872,1570,31
2534,1570,40
2842,1570,40
1407,1580,35
1835,1580,55
2523,1580,40
2538,1580,40
2552,1580,40
2539,1580,40
2525,1580,40
2522,1580,40
1540,1580,40
2524,1580,40
507,1585,70
2043,1587,38
1889,1588,23
2321,1590,60
2540,1590,40
1461,1590,40
535,1590,75
402,1595,70
2112,1595,35
2407,1600,40
2241,1600,50
1067,1600,40
2272,1600,80
2561,1600,60
373,1600,50
372,1600,65
718,1600,34
2640,1601,35
2044,1604,38
2418,1607,37
2859,1608,22
2404,1610,40
2839,1610,45
1537,1610,40
99,1610,60
515,1610,60
2471,1610,50
1138,1612,27
2556,1620,40
1064,1620,40
2042,1620,70
1066,1620,40
1422,1620,40
1762,1620,40
516,1620,130
1536,1621,35
2840,1625,40
2438,1625,90
2045,1628,39
719,1629,37
1593,1630,40
410,1630,130
1150,1630,40
800,1630,40
682,1630,80
2614,1631,20
2665,1635,38
414,1635,65
371,1635,65
1639,1638,21
962,1639,21
2410,1640,40
784,1640,40
966,1640,50
2243,1643,40
687,1645,25
2673,1645,35
2417,1647,33
1886,1649,21
1914,1650,40
1137,1650,40
2832,1652,31
1887,1653,29
2612,1654,21
684,1654,43
2490,1655,45
374,1660,80
2409,1660,40
2453,1660,40
675,1660,60
726,1660,60
1789,1666,30
1267,1669,29
1120,1670,55
413,1670,70
1774,1670,40
509,1670,50
2046,1674,38
1675,1674,23
29,1676,168
77,1677,45
694,1679,33
2870,1680,23
2240,1680,30
1814,1680,50
1737,1680,22
1317,1680,40
1538,1683,36
1883,1684,24
1539,1684,36
530,1685,70
394,1685,30
1079,1689,16
963,1689,15
2301,1690,55
407,1690,55
2854,1690,35
2551,1690,40
1702,1690,50
967,1690,50
709,1691,20
2802,1691,20
1735,1692,23
707,1692,20
964,1693,22
2234,1700,24
1705,1700,55
2557,1700,40
2254,1703,30
1878,1705,31
708,1707,20
2403,1710,50
2408,1710,40
412,1710,75
1436,1710,40
1746,1715,27
1322,1715,19
1888,1716,23
2394,1720,80
799,1720,40
208,1725,115
208,1725,115
202,1730,80
1986,1730,70
745,1730,31
1040,1736,33
1035,1736,32
1706,1737,41
345,1740,80
200,1740,100
2090,1740,35
1740,1744,38
1832,1747,33
2611,1750,20
723,1750,80
2245,1755,30
233,1755,90
717,1757,27
1630,1759,42
1676,1760,29
2437,1760,60
2320,1765,70
1568,1770,25
206,1770,65
205,1770,90
2057,1776,22
1604,1780,40
683,1781,35
2251,1785,30
2791,1785,230
383,1785,45
1626,1788,26
179,1790,40
1662,1790,40
1316,1790,50
2472,1790,80
353,1795,65
411,1795,20
1787,1796,23
175,1800,40
2458,1800,40
370,1800,55
1442,1800,40
22,1800,155
97,1800,80
786,1800,40
2469,1804,51
24,1805,75
1598,1810,40
1118,1820,50
406,1825,30
1751,1830,30
1558,1830,40
256,1830,50
2388,1830,60
701,1833,30
178,1835,40
329,1840,110
1080,1842,16
180,1845,85
2323,1847,45
1365,1850,40
734,1850,40
2454,1850,40
1836,1854,32
230,1855,50
2855,1855,35
2856,1855,35
645,1860,50
98,1860,80
197,1860,110
61,1860,80
70,1860,70
2324,1862,29
2289,1870,40
1038,1870,50
712,1872,22
1416,1873,21
1078,1875,50
2237,1880,30
15,1884,28
2208,1886,34
1077,1890,20
1070,1890,40
1556,1890,40
126,1890,130
1670,1896,33
703,1898,41
173,1900,50
2066,1900,35
556,1900,70
1629,1900,22
2050,1901,22
1668,1904,42
2051,1905,26
245,1905,75
702,1910,30
211,1910,130
2196,1911,30
650,1915,80
1541,1918,36
1752,1920,30
2183,1920,60
1403,1921,20
2258,1921,21
2610,1924,20
1364,1924,27
2491,1925,30
1371,1925,35
396,1925,100
2253,1927,27
78,1927,53
2516,1930,40
235,1930,85
1517,1932,29
681,1934,45
1807,1935,30
1671,1937,30
2054,1937,23
1855,1939,28
2242,1940,30
174,1940,70
287,1940,15
405,1940,70
2182,1940,70
705,1944,33
1393,1946,30
1326,1946,25
2852,1947,27
2858,1947,27
2520,1950,40
236,1950,80
2053,1953,23
1923,1955,20
1753,1960,30
2518,1960,40
369,1960,130
81,1960,66
1122,1960,39
1628,1961,23
1812,1962,22
2502,1963,35
2459,1963,34
1758,1965,40
1387,1965,30
254,1970,95
301,1970,40
634,1975,35
2267,1975,21
1273,1975,35
730,1975,80
631,1975,35
59,1976,60
582,1980,60
1597,1980,40
1034,1980,40
60,1980,80
2029,1984,31
2034,1987,42
2536,1990,40
1282,1990,60
1385,1990,40
257,1990,50
2851,1991,24
1530,1992,35
2811,1992,33
2340,1995,35
2300,1995,195
163,1996,81
2268,1997,26
2028,2000,44
1624,2000,20
2235,2000,23
93,2000,70
2211,2003,33
1830,2003,21
2069,2005,35
2181,2005,35
1644,2005,22
1741,2007,38
1173,2009,25
636,2010,35
1312,2010,40
1121,2010,44
71,2010,50
2616,2011,21
1645,2011,27
2280,2014,48
2067,2015,35
1404,2015,24
1384,2015,35
357,2015,45
2792,2015,45
2317,2015,40
626,2016,39
1657,2017,21
1531,2017,36
1509,2018,37
1081,2019,17
1618,2019,23
483,2020,35
1599,2020,40
2809,2020,22
1680,2020,40
409,2020,55
358,2020,45
630,2020,35
271,2020,70
1174,2021,23
1616,2024,19
1714,2024,21
2227,2025,30
2368,2025,33
2225,2025,30
218,2025,285
1619,2026,19
1620,2027,28
2810,2027,25
1743,2029,46
569,2030,60
2807,2031,23
1041,2033,31
596,2034,38
2654,2037,29
1338,2037,29
1392,2038,30
581,2040,50
568,2040,60
721,2040,40
1744,2040,37
1623,2043,29
1297,2045,25
1043,2045,34
637,2045,33
1260,2048,49
2238,2050,40
164,2050,49
344,2050,130
642,2051,43
1625,2052,24
2200,2052,30
1713,2053,52
1258,2053,28
132,2053,30
2052,2055,26
2226,2055,30
2467,2057,25
620,2057,40
1415,2058,29
1648,2058,22
2455,2059,31
214,2060,35
1502,2060,40
968,2060,40
706,2062,30
1372,2063,25
1075,2065,16
186,2065,70
692,2065,30
2284,2065,20
1669,2066,33
1523,2067,21
293,2070,130
1833,2070,50
176,2070,70
189,2070,75
72,2070,60
1650,2070,20
162,2071,36
591,2072,36
1362,2074,20
320,2075,50
633,2075,35
1780,2075,22
384,2075,45
231,2075,80
2506,2075,40
1202,2076,24
2299,2076,27
2047,2080,40
91,2080,70
255,2080,95
2392,2080,40
2285,2080,20
1016,2081,30
1500,2082,29
756,2084,31
385,2085,75
1834,2088,22
765,2088,30
1201,2090,40
1431,2090,40
1074,2090,60
1520,2090,30
744,2090,40
2456,2090,65
1677,2091,25
2468,2091,56
2806,2092,22
1699,2093,36
2072,2094,58
1854,2095,36
1754,2095,20
1294,2095,19
1033,2100,40
387,2100,60
1093,2100,30
2384,2100,60
296,2100,130
181,2100,20
595,2100,42
364,2100,70
106,2100,30
1856,2101,38
2813,2103,22
639,2103,43
1631,2103,22
1044,2104,33
1076,2105,21
227,2105,35
382,2105,70
2030,2106,29
2420,2106,39
1039,2108,34
1897,2110,40
1727,2110,33
2068,2110,35
1518,2110,30
381,2110,45
728,2110,80
315,2110,30
809,2110,31
2390,2110,60
2653,2110,30
769,2111,32
551,2114,34
9,2115,30
1395,2115,36
360,2116,32
2609,2117,26
697,2117,33
2266,2119,21
2156,2120,35
191,2120,20
404,2120,25
398,2120,45
550,2120,40
565,2120,40
324,2120,50
2173,2120,35
2386,2120,70
2808,2122,29
1406,2123,20
2660,2125,30
749,2125,33
392,2125,85
1813,2128,64
2283,2129,18
389,2130,65
656,2130,20
1546,2130,20
2391,2130,60
120,2130,60
216,2130,20
1498,2132,21
1045,2133,39
8,2134,30
2210,2135,22
2398,2135,25
2651,2135,30
2657,2136,49
742,2138,44
294,2140,130
2212,2140,49
1071,2140,40
183,2140,50
1600,2140,40
2135,2140,40
658,2140,20
579,2140,60
139,2140,60
2725,2141,26
1614,2143,23
1361,2143,53
1738,2144,43
1643,2144,24
1262,2144,21
2416,2145,35
2341,2145,35
1665,2148,47
1794,2149,45
295,2150,130
313,2150,70
690,2150,35
1596,2150,40
2132,2150,40
659,2150,25
297,2150,130
2553,2150,40
571,2150,50
76,2150,55
2767,2150,80
388,2150,70
105,2150,20
185,2155,435
2880,2157,31
2419,2157,50
1087,2158,34
588,2159,30
589,2159,34
291,2160,130
2100,2160,35
559,2160,40
2387,2160,40
549,2160,60
110,2160,70
136,2160,35
965,2160,40
1956,2162,22
2264,2162,34
587,2163,30
240,2165,70
689,2165,30
146,2165,55
1728,2167,35
576,2168,31
1073,2170,40
655,2170,30
1811,2170,35
578,2170,50
2131,2170,40
1288,2170,29
674,2170,50
306,2170,40
2389,2170,40
2790,2170,70
272,2170,60
1622,2171,24
2351,2171,96
590,2171,33
2087,2175,40
390,2175,45
2353,2175,40
621,2175,38
1901,2175,33
2104,2175,35
632,2175,35
53,2175,45
11,2179,28
2636,2179,33
1691,2180,22
643,2180,40
2086,2180,35
2382,2180,40
1651,2182,20
1613,2183,21
577,2184,33
710,2184,23
380,2185,55
2652,2185,30
2661,2185,30
209,2185,45
316,2185,65
713,2186,22
782,2187,46
2292,2190,40
572,2190,40
148,2190,55
117,2190,60
51,2190,20
274,2190,60
1068,2190,40
1515,2190,40
1800,2192,22
1290,2192,34
1666,2192,40
1358,2193,54
615,2193,38
696,2194,34
2658,2195,30
401,2195,75
393,2195,80
1394,2199,30
743,2199,34
2209,2200,60
610,2200,39
604,2200,40
232,2200,50
764,2200,30
691,2200,35
109,2200,20
113,2200,50
187,2202,35
711,2202,28
1157,2204,39
2876,2205,35
635,2205,35
1698,2207,39
1391,2209,31
1860,2209,28
2233,2210,25
54,2210,20
2874,2210,35
1432,2210,40
1388,2210,40
2546,2210,40
720,2210,35
594,2210,35
558,2210,60
221,2210,20
1456,2210,40
2871,2210,115
124,2210,60
613,2212,41
1200,2214,22
2659,2215,30
215,2215,35
334,2215,80
312,2215,50
1773,2220,270
2817,2220,30
657,2220,30
772,2220,70
484,2220,70
2297,2220,40
554,2220,40
337,2220,80
1069,2220,40
260,2221,26
135,2221,30
2298,2223,25
573,2224,36
1264,2227,20
1772,2227,34
2355,2230,50
1712,2230,40
2877,2230,35
1359,2230,60
560,2230,60
1454,2230,40
612,2232,38
2257,2233,22
1501,2235,40
1805,2235,30
108,2235,20
2033,2238,50
49,2239,33
2286,2240,40
736,2240,70
1462,2240,40
359,2240,45
147,2240,90
686,2240,50
107,2240,40
2263,2245,33
739,2245,70
1617,2245,120
2085,2245,35
593,2248,43
2415,2249,32
2875,2250,35
1535,2250,40
292,2250,130
116,2250,40
111,2250,50
118,2250,60
261,2253,26
2179,2255,35
1293,2258,21
750,2259,33
1595,2260,40
737,2260,45
2445,2260,55
213,2260,70
131,2260,60
616,2266,38
2265,2266,24
2873,2269,28
2274,2270,40
1525,2270,40
1524,2270,40
1661,2270,40
580,2270,40
1455,2270,40
138,2270,60
564,2271,67
1906,2275,30
1647,2277,27
2223,2279,40
1473,2280,40
210,2280,25
1193,2284,20
154,2288,35
1468,2290,40
653,2290,75
300,2290,30
244,2295,60
2760,2295,70
75,2295,55
2555,2300,40
1736,2300,23
592,2302,33
583,2303,21
343,2305,70
638,2309,35
2376,2310,60
2507,2310,35
1336,2313,45
2031,2315,32
738,2315,45
1464,2320,40
101,2320,50
1605,2320,60
2780,2320,70
1778,2322,31
1831,2328,21
192,2330,20
629,2335,35
1465,2340,40
1695,2340,77
607,2342,42
1341,2343,39
311,2345,50
586,2347,32
1088,2349,20
1660,2350,40
2291,2350,40
1802,2350,40
123,2350,50
43,2352,51
2229,2355,30
1553,2360,40
1466,2360,40
290,2360,45
158,2360,40
159,2360,40
566,2360,60
323,2360,45
318,2360,45
2781,2365,70
2812,2370,40
2782,2370,70
237,2370,85
241,2374,36
2184,2380,40
125,2380,60
305,2385,70
2172,2385,35
1859,2386,38
2713,2387,25
2295,2390,40
2421,2390,40
42,2394,30
1922,2395,18
2770,2395,235
2422,2397,39
1642,2398,29
2743,2399,20
552,2400,50
780,2400,15
1508,2403,22
2120,2404,25
1603,2405,35
2866,2405,44
2076,2409,22
319,2410,80
10,2410,60
606,2410,40
239,2410,60
781,2410,15
1295,2414,23
2080,2415,40
310,2415,45
2199,2418,30
309,2420,40
82,2420,60
207,2420,100
119,2420,70
1766,2421,48
1176,2424,20
1325,2427,23
1852,2428,30
2656,2432,49
1790,2433,26
2635,2433,32
2075,2434,22
242,2435,45
2077,2435,23
770,2437,29
302,2440,65
223,2440,20
177,2440,50
201,2440,70
199,2440,55
2766,2440,50
1472,2440,70
1261,2443,24
303,2445,40
609,2446,39
2213,2446,27
137,2447,22
1091,2449,20
1839,2450,19
575,2450,60
333,2450,75
1902,2455,22
2073,2456,39
2056,2457,24
1545,2458,35
2293,2460,40
1382,2460,35
69,2460,70
563,2460,106
112,2460,20
2294,2461,32
585,2461,31
1233,2465,20
2783,2465,160
1765,2465,20
2078,2467,27
714,2468,31
243,2470,35
2165,2470,35
1483,2470,30
2722,2470,30
1881,2470,140
335,2470,80
50,2470,60
1342,2471,25
38,2472,38
1506,2473,26
1357,2473,47
1405,2474,26
704,2474,33
1396,2474,30
2683,2475,25
289,2475,45
336,2475,80
220,2475,100
102,2475,25
224,2475,25
2169,2475,35
1204,2478,24
1578,2480,40
2071,2480,30
1420,2480,60
193,2480,55
194,2480,55
1285,2484,27
1286,2484,32
1757,2485,35
2055,2486,23
1637,2489,37
1775,2489,39
2509,2490,40
2166,2490,35
1681,2490,40
238,2490,85
2678,2490,120
601,2490,30
198,2490,55
1507,2491,24
1649,2491,23
1697,2493,32
538,2495,35
304,2495,70
2099,2495,35
1203,2496,25
2161,2498,23
1434,2499,37
1042,2500,34
2535,2500,40
797,2500,30
2119,2500,40
2487,2500,35
1050,2500,120
104,2500,25
1339,2501,25
584,2503,30
766,2505,35
2774,2505,50
2827,2505,40
1139,2507,30
1853,2508,39
608,2508,39
763,2509,30
1343,2509,24
2639,2509,33
2141,2510,40
1463,2510,40
63,2510,60
487,2510,80
2448,2510,55
64,2510,40
2236,2516,34
1654,2518,45
450,2518,60
2350,2519,27
2164,2520,60
96,2520,40
798,2520,25
785,2520,50
498,2520,30
1423,2520,70
446,2525,25
2837,2525,20
672,2530,60
2668,2530,70
1123,2530,130
671,2530,70
459,2530,35
2381,2530,60
2498,2534,28
1284,2534,26
1729,2535,35
2117,2535,35
1355,2536,47
1281,2537,20
481,2540,35
557,2540,40
1448,2540,25
62,2540,40
505,2540,70
2447,2540,60
165,2540,20
2074,2544,37
603,2544,41
2593,2550,36
2793,2550,60
440,2550,130
1346,2550,60
1653,2551,20
2084,2555,35
843,2557,28
501,2560,105
1726,2563,34
1899,2565,35
30,2565,22
1563,2567,23
2168,2570,35
644,2570,40
787,2570,60
1433,2570,38
783,2570,40
1191,2571,23
1636,2572,45
1235,2574,27
1608,2577,35
1730,2580,34
1612,2580,38
733,2580,70
2835,2583,38
1876,2585,80
456,2585,60
2685,2585,45
1383,2585,29
2032,2588,49
1408,2589,21
2014,2590,30
2290,2590,40
1370,2590,35
479,2590,45
74,2590,70
1562,2592,22
1389,2596,42
1747,2597,41
2500,2600,28
2110,2600,35
1815,2600,50
2608,2603,22
1165,2605,33
2799,2605,85
652,2605,85
1374,2606,27
6,2607,38
842,2609,28
663,2610,50
488,2610,50
2541,2610,40
1521,2610,32
574,2610,80
39,2610,70
1350,2612,56
419,2615,75
1560,2617,32
2228,2620,30
1667,2620,60
2804,2620,50
2803,2620,50
37,2625,60
1791,2625,31
2096,2625,35
1557,2630,40
2130,2630,40
1469,2630,40
1686,2630,24
1577,2630,
437,2630,45
2446,2630,55
418,2630,50
2271,2630,30
2424,2632,40
822,2635,27
611,2638,39
1574,2639,32
1213,2640,40
1809,2640,50
1965,2640,45
1470,2640,40
1247,2640,21
2062,2640,45
438,2640,45
85,2640,80
1704,2640,66
1566,2643,23
2089,2645,40
41,2646,24
1129,2650,40
426,2650,80
664,2650,70
2834,2653,43
1049,2655,35
429,2660,70
2833,2660,30
562,2660,40
553,2660,40
2667,2660,70
651,2660,80
2798,2660,80
1283,2660,40
7,2660,30
1721,2661,30
617,2661,39
151,2662,54
2170,2665,35
466,2665,15
434,2665,50
1178,2669,21
1570,2669,29
796,2670,20
1898,2676,30
160,2679,23
1564,2680,40
1135,2680,40
660,2680,25
2385,2680,70
499,2685,115
1638,2688,38
1164,2689,34
1555,2690,40
2857,2690,35
654,2690,20
662,2690,30
1550,2690,40
1428,2690,70
480,2690,45
2853,2690,35
1414,2691,34
698,2694,35
2357,2695,40
2638,2695,21
2248,2695,30
1632,2695,25
1792,2696,25
1635,2697,38
2591,2700,31
1808,2700,50
1551,2700,40
447,2700,35
2815,2700,20
83,2700,40
2435,2700,60
454,2702,49
2504,2705,25
619,2705,58
430,2705,70
2613,2708,23
1249,2708,39
1133,2710,40
1315,2710,40
1575,2710,40
2244,2710,30
661,2710,40
1471,2710,40
2188,2710,35
1633,2710,32
1907,2712,21
1505,2712,19
1298,2713,40
2865,2715,35
1594,2715,35
2262,2715,40
13,2715,30
2499,2716,31
1236,2716,27
2058,2716,23
1900,2717,30
1143,2717,35
1142,2718,35
1180,2718,33
2494,2719,30
2497,2720,26
1386,2720,60
1402,2720,24
1130,2720,40
1246,2722,20
1826,2723,23
1849,2724,49
432,2725,55
1587,2725,37
1497,2726,24
1194,2726,21
1347,2728,30
1960,2728,30
1720,2729,32
614,2729,39
2816,2730,30
2342,2730,40
1458,2730,40
1156,2730,60
449,2730,50
435,2730,45
443,2730,50
2423,2730,34
1439,2730,100
1160,2733,39
12,2734,36
841,2735,30
2650,2735,27
1885,2735,32
1373,2735,35
1865,2736,30
2255,2738,27
2495,2738,29
1864,2738,26
1652,2738,20
700,2739,35
1445,2739,22
1134,2740,40
668,2740,70
2849,2740,25
1199,2740,23
1816,2740,50
2177,2740,35
1634,2740,23
452,2740,80
1793,2741,22
699,2741,35
1412,2742,28
2598,2742,21
1840,2744,25
1409,2744,35
807,2745,29
2356,2745,40
433,2745,25
821,2746,26
2642,2747,32
1607,2748,23
768,2749,38
2218,2750,40
462,2750,75
2063,2750,26
2275,2750,40
1576,2750,40
2563,2750,60
2221,2750,70
2224,2750,70
774,2750,80
1304,2750,50
1915,2750,60
442,2750,70
2312,2750,70
1869,2752,26
1493,2753,26
1580,2753,23
2281,2754,30
1716,2755,32
1168,2755,24
1390,2755,20
2511,2756,61
1254,2756,26
521,2756,32
759,2756,38
1567,2757,30
1292,2757,32
1013,2757,42
1841,2757,20
1211,2758,19
1243,2758,25
1398,2758,29
2198,2758,31
1179,2759,26
1186,2759,34
1821,2759,21
2577,2760,50
2493,2760,27
2088,2760,40
1136,2760,40
458,2760,35
2354,2760,50
1482,2760,60
2105,2760,60
1124,2760,60
790,2760,40
1926,2760,50
2313,2760,60
2318,2760,70
1012,2761,34
831,2762,32
1363,2762,21
1328,2763,36
1327,2763,36
2590,2763,22
1893,2765,24
457,2765,35
2107,2765,35
2246,2765,30
2592,2765,31
1875,2765,80
1561,2766,31
1544,2766,33
1263,2767,29
2064,2767,25
2261,2768,24
1739,2769,35
1588,2769,37
1314,2770,40
57,2770,20
2537,2770,40
2167,2770,40
1306,2770,40
1305,2770,40
1324,2770,35
1722,2770,32
2600,2770,22
1857,2770,80
467,2770,80
475,2770,55
2222,2770,60
1804,2770,40
1843,2771,27
2582,2771,28
1690,2772,27
161,2772,38
1892,2773,26
1205,2774,38
2644,2775,38
2148,2775,26
741,2775,30
1717,2778,32
1554,2780,40
1559,2780,40
1552,2780,40
2111,2780,35
2176,2780,35
2526,2780,40
1438,2780,40
1579,2780,40
1532,2780,40
2433,2780,60
2836,2780,30
127,2780,90
746,2780,40
1424,2780,90
1119,2780,60
2627,2780,35
477,2780,50
1884,2781,28
1798,2782,21
2496,2783,35
2649,2783,38
1188,2783,25
1206,2784,28
444,2785,35
2079,2785,35
1048,2785,35
2585,2785,21
605,2786,40
1330,2786,40
1724,2787,32
1891,2787,24
1882,2788,34
1240,2788,21
1248,2788,24
1785,2788,26
1609,2789,24
1011,2789,33
445,2790,35
1128,2790,40
67,2790,80
2149,2791,26
1090,2791,21
1786,2792,31
1344,2793,30
474,2795,35
1845,2795,20
1769,2795,24
2201,2795,30
448,2795,35
1710,2796,22
2831,2796,47
2304,2796,36
2885,2796,32
1062,2799,27
2599,2799,22
2411,2799,28
908,2800,22
1788,2800,22
2109,2800,35
2595,2800,22
1277,2800,60
2432,2800,70
788,2800,35
2587,2801,23
1140,2801,27
1299,2803,40
1719,2803,31
1850,2803,37
1748,2803,29
1175,2804,33
2326,2804,31
2691,2805,35
1411,2805,23
2121,2805,35
1014,2805,33
431,2805,45
879,2805,20
2814,2806,24
1842,2806,22
1770,2808,23
1527,2808,33
1782,2808,22
1177,2809,20
1718,2809,33
2547,2810,50
918,2810,50
2102,2810,35
1275,2810,40
2250,2810,30
1381,2810,35
2647,2810,50
1913,2810,50
1495,2810,40
1896,2810,25
2217,2810,60
1606,2810,60
497,2810,40
2687,2810,105
1144,2810,90
1419,2810,60
833,2810,50
1169,2811,26
1161,2812,46
1271,2812,24
1333,2812,23
1894,2813,25
1303,2813,30
2586,2814,32
1241,2815,22
1488,2815,50
2270,2815,50
1190,2816,21
812,2817,32
1352,2817,56
2013,2820,40
1549,2820,40
2288,2820,40
1065,2820,40
2711,2820,40
1863,2820,39
1799,2820,30
1131,2820,40
453,2820,50
969,2820,40
2187,2820,35
428,2820,70
1440,2820,60
90,2820,35
1397,2822,25
1777,2822,34
2147,2822,34
1870,2824,37
1781,2825,22
1410,2825,47
1376,2825,35
1516,2826,41
935,2826,35
940,2826,30
1321,2827,36
1827,2827,41
2153,2827,29
2594,2827,22
926,2828,32
2061,2828,27
2578,2829,21
1313,2830,40
468,2830,50
1192,2830,40
2095,2830,35
952,2830,34
2564,2830,70
1756,2830,40
1185,2830,35
1162,2830,40
851,2830,50
995,2830,30
1230,2831,29
1846,2832,22
465,2833,55
1733,2834,33
1919,2834,36
2082,2835,35
2070,2835,31
2597,2835,35
1231,2838,45
1723,2838,33
1266,2839,26
776,2840,120
945,2840,25
806,2840,25
1215,2840,40
1214,2840,40
2549,2840,40
909,2840,40
868,2840,35
1207,2841,27
1334,2842,25
1825,2842,23
1779,2842,24
1002,2842,35
1693,2843,21
1732,2843,33
2602,2844,26
1903,2844,36
1611,2844,21
1003,2844,32
1761,2844,21
1289,2845,40
1291,2845,35
895,2845,16
1005,2845,33
2122,2845,35
910,2845,40
2018,2845,40
1301,2845,22
1226,2846,30
1796,2846,24
1895,2846,24
1783,2847,22
2492,2849,35
2256,2850,23
2194,2850,35
1224,2850,32
1489,2850,35
992,2850,30
1017,2850,50
2596,2850,35
1533,2850,40
1320,2850,35
2568,2850,40
1874,2850,35
1873,2850,20
1435,2850,60
1437,2850,80
867,2850,35
1153,2850,40
1700,2852,37
464,2852,55
857,2853,31
1332,2854,33
2146,2854,29
1734,2854,32
983,2854,33
2103,2855,35
1862,2855,40
1861,2855,27
2124,2855,35
2143,2855,38
1760,2855,22
2689,2855,105
891,2855,20
2724,2856,31
1061,2857,23
2152,2857,37
2607,2857,26
2118,2859,29
1522,2860,34
2548,2860,40
1308,2860,40
1265,2860,26
1797,2860,23
1547,2860,24
460,2860,140
2583,2860,23
2216,2860,70
864,2860,40
1092,2860,40
1029,2860,50
1917,2860,45
2314,2860,70
852,2860,70
1345,2861,28
950,2861,32
951,2861,33
1687,2861,18
1961,2861,28
1269,2862,20
1725,2863,32
1784,2863,26
1731,2863,33
1222,2864,29
2259,2864,24
1187,2864,34
1300,2864,23
2101,2865,35
1210,2865,25
1694,2865,21
1871,2865,25
937,2865,45
2065,2866,25
1337,2868,21
2655,2868,21
1256,2868,27
1239,2870,28
1307,2870,40
1460,2870,40
2343,2870,40
2128,2870,40
1663,2870,40
1125,2870,40
2698,2870,35
2162,2870,80
2589,2870,21
2307,2870,80
673,2870,80
2529,2870,40
998,2870,60
2133,2870,40
883,2870,60
920,2871,34
1591,2872,31
1749,2872,28
1401,2872,23
928,2872,30
1172,2872,22
904,2872,47
1167,2873,21
1819,2873,23
1189,2873,28
931,2873,30
984,2873,43
2397,2874,39
1684,2874,22
1768,2875,24
1255,2875,28
2714,2875,30
888,2875,35
2155,2877,26
2606,2878,22
1208,2878,26
1225,2879,29
1310,2880,40
1223,2880,40
1459,2880,40
2677,2880,30
2702,2880,35
2092,2880,35
1253,2880,22
2800,2880,105
427,2880,110
789,2880,40
2191,2880,70
1911,2880,40
2140,2880,40
2083,2880,40
2573,2880,40
2532,2880,50
1163,2880,
1679,2880,70
1678,2880,60
2434,2880,70
555,2880,40
881,2880,40
884,2880,35
889,2880,35
1000,2881,32
988,2881,45
1824,2882,23
1866,2882,30
2718,2885,30
2721,2885,30
989,2885,30
990,2885,30
999,2885,40
2878,2886,28
932,2887,31
896,2889,27
775,2890,40
2699,2890,30
1427,2890,40
2717,2890,30
2094,2890,35
1490,2890,60
2664,2890,50
2716,2890,30
1646,2890,22
2134,2890,40
1534,2890,40
1806,2890,30
2345,2890,40
2634,2890,33
917,2890,40
2486,2890,40
905,2890,35
1615,2890,125
1589,2890,26
439,2890,90
1259,2891,30
1399,2892,22
1377,2893,33
2160,2893,34
1089,2893,21
1094,2895,40
987,2895,20
2125,2895,35
2584,2895,22
1375,2895,35
2501,2895,50
36,2895,150
911,2895,35
1181,2896,38
1170,2896,23
1801,2896,24
2601,2897,30
986,2899,34
1216,2900,40
946,2900,60
2175,2900,35
2396,2900,23
2719,2900,30
2680,2900,45
907,2900,47
2091,2900,35
2178,2900,35
2180,2900,35
2879,2900,50
985,2900,40
2138,2900,40
1429,2900,50
2508,2900,35
872,2900,60
1512,2902,30
1868,2902,26
2605,2903,26
1209,2903,20
1413,2904,33
1280,2904,19
2710,2905,35
2098,2905,35
2715,2905,30
2720,2905,30
991,2905,30
2192,2905,35
887,2905,40
886,2905,35
1711,2908,22
939,2909,39
1688,2909,22
2697,2910,25
996,2910,40
1238,2910,26
856,2910,30
1252,2910,25
1822,2910,23
1820,2910,22
2707,2910,30
2696,2910,40
2700,2910,35
1132,2910,40
2278,2910,60
927,2910,32
1916,2910,60
1683,2910,60
2017,2910,40
997,2910,50
2723,2911,24
894,2915,16
2260,2915,29
2679,2915,45
2157,2915,35
2708,2915,75
2123,2915,35
1220,2916,34
1349,2917,56
949,2918,32
2542,2920,40
2675,2920,45
2186,2920,35
2139,2920,40
2190,2920,70
898,2920,43
1872,2920,25
1685,2920,22
925,2920,40
919,2921,34
1750,2922,28
892,2923,50
897,2923,16
2158,2925,35
1244,2925,38
1453,2925,20
1449,2925,25
878,2925,40
1776,2927,33
2269,2927,36
1656,2929,25
2395,2929,25
2706,2930,30
1457,2930,40
2108,2930,35
954,2930,40
1331,2930,34
2249,2930,35
993,2930,30
2129,2930,40
2704,2930,45
1274,2930,70
2684,2930,75
885,2930,35
1026,2930,70
2328,2930,70
1586,2931,40
2641,2931,33
2151,2932,28
2628,2932,32
2882,2932,33
1771,2933,22
1655,2933,25
906,2934,31
2239,2935,50
2115,2935,35
2450,2935,40
2174,2935,35
1569,2936,23
1446,2938,35
930,2940,30
2296,2940,40
1452,2940,50
2693,2940,30
2142,2940,40
2126,2940,35
2695,2940,50
2315,2940,40
1009,2940,60
1278,2940,35
1152,2940,55
2277,2940,40
2322,2940,50
2127,2940,40
2477,2940,25
1030,2940,60
1823,2942,33
1755,2943,40
2682,2945,40
1166,2945,23
1818,2945,31
1909,2945,45
934,2945,40
2646,2945,50
877,2945,20
2883,2946,27
2881,2946,25
1701,2947,38
1182,2949,39
2688,2950,30
2686,2950,45
1572,2950,34
1610,2950,18
2309,2950,80
2230,2950,30
2344,2950,40
2136,2950,40
1025,2950,60
2273,2950,40
1154,2950,100
1380,2950,35
853,2950,50
1031,2950,60
882,2950,40
880,2950,40
1141,2950,30
1674,2952,24
1583,2953,45
1877,2955,45
912,2955,25
2116,2955,35
2113,2955,35
2097,2955,35
2690,2955,45
1400,2956,20
1268,2960,20
1682,2960,50
2287,2960,40
2171,2960,35
2505,2960,30
1329,2961,36
828,2962,47
1573,2963,23
1296,2963,25
1218,2963,20
2114,2965,35
1529,2965,40
2694,2965,45
2604,2965,26
816,2965,60
2676,2965,45
1212,2968,27
1319,2969,22
2515,2970,70
1908,2970,45
2703,2970,30
1228,2970,40
2247,2970,40
860,2970,60
1918,2970,60
2305,2970,50
846,2970,90
1673,2970,40
2588,2970,2
2476,2970,30
2726,2971,26
1171,2973,23
2681,2975,45
2303,2975,37
1503,2977,31
2333,2978,248
1242,2979,39
2512,2980,40
1257,2980,36
1499,2980,60
1234,2980,40
1450,2980,20
1126,2980,40
2163,2980,60
2306,2980,110
1027,2980,70
2137,2980,40
2106,2980,40
1229,2981,41
2674,2985,45
1504,2988,32
1491,2989,35
2805,2989,40
2048,2990,40
2252,2990,26
2692,2990,40
1910,2990,45
1803,2990,40
1053,2990,40
2414,2990,40
850,2990,70
1037,2990,40
1318,2994,20
2637,2995,33
1451,2995,50
1767,2996,25
1851,2998,48
1447,2998,22
1232,2999,28
1217,2999,26
2521,3000,40
2701,3000,30
1047,3000,210
2572,3000,60
1279,3000,110
1155,3000,70
1227,3001,21
1571,3001,33
1494,3001,22
1444,3002,43
1287,3002,27
2884,3003,24
1158,3005,30
1481,3005,20
1912,3005,45
838,3005,45
1270,3005,37
2193,3005,35
2643,3009,36
1036,3010,40
2154,3011,25
2059,3012,23
1184,3013,35
815,3015,65
1548,3015,22
1183,3016,33
2440,3016,41
1592,3017,37
2795,3019,25
1117,3019,53
1046,3020,90
1441,3020,70
2159,3020,35
1426,3020,60
1692,3020,66
103,3020,70
2282,3020,50
1302,3021,20
2197,3023,34
1145,3025,35
1378,3025,35
1010,3026,33
1348,3026,34
1585,3028,40
2632,3029,37
2276,3030,40
1417,3030,50
1425,3030,40
1057,3030,80
1921,3031,37
2728,3031,40
1219,3032,38
1584,3033,31
1582,3034,37
1159,3038,43
1810,3040,50
2550,3040,40
794,3040,40
2308,3050,50
1008,3050,60
1443,3050,60
847,3050,60
2431,3050,70
1028,3050,80
1221,3057,44
1151,3060,60
2531,3060,70
2560,3070,70
2035,3070,90
2037,3070,60
1360,3070,20
1418,3080,70
2330,3080,60
1496,3083,24
2838,3090,80
2533,3090,60
2329,3090,70
2327,3090,70
2705,3100,40
1621,3100,40
2671,3105,80
1272,3111,43
1379,3111,26
2038,3130,80
2436,3150,70
1058,3160,100
679,3185,225
2796,3220,55
1251,3221,122
441,3230,295
2049,3260,160
122,3680,80
2325,3788,30
890,3870,35
1565,3912,23
